nombre,goles,partidos,promedio
Lautaro,21,38,0.5526315789473685
Kane,30,38,0.7894736842105263
Osimhen,26,32,0.8125
